date,cases,prec,tmin,tmax,rh,tmean,dewmean,sst
2014-01-05,148.0,59.391600000000004,15.613,24.43,84.43518846058569,19.170679999999997,16.474539999999998,20.6744
2014-01-12,529.0,71.2206,15.8745,23.7401,86.24319428250553,18.950585714285715,16.595428571428574,21.20807142857143
2014-01-19,554.0,62.8466,16.0232,24.1524,85.44572155886316,19.161542857142855,16.659242857142857,22.133928571428573
2014-01-26,800.0,55.2614,15.6403,25.1496,82.26546614837515,19.68181428571429,16.564642857142857,22.21992857142857
2014-02-02,631.0,69.0824,15.3336,24.1154,84.33018368314346,18.998157142857142,16.2907,20.983814285714285
2014-02-09,796.0,68.9194,15.2804,24.4394,83.70678879292562,18.860657142857143,16.037285714285712,20.256228571428572
2014-02-16,623.0,67.6788,15.8399,23.8756,84.6152102060405,18.980128571428573,16.328957142857142,19.930371428571426
2014-02-23,761.0,62.906400000000005,15.8031,24.881,83.78092091483393,19.443757142857145,16.624685714285715,20.01167142857143
2014-03-02,659.0,63.528,16.0678,25.2078,84.39786478097768,19.491371428571426,16.786771428571427,20.824914285714282
2014-03-09,660.0,75.68730000000001,15.7503,24.6208,85.38034379139627,19.087942857142856,16.5727,20.3131
2014-03-16,416.0,63.2784,15.7281,25.3596,85.0486569923492,19.2241,16.643271428571428,20.055342857142854
2014-03-23,279.0,74.1689,15.7983,24.2188,86.20940648043016,18.83835714285714,16.482014285714286,19.663171428571427
2014-03-30,431.0,47.2388,14.5283,25.0946,82.3442879900535,19.079428571428572,15.98322857142857,19.722257142857142
2014-04-06,414.0,48.7233,14.8614,24.5643,83.00119220929771,19.034514285714287,16.077742857142855,19.142657142857143
2014-04-13,472.0,40.250299999999996,15.0988,24.5803,82.73552609534876,19.176357142857142,16.167228571428574,18.99492857142857
2014-04-20,193.0,37.7893,14.7132,24.9296,82.0338996132836,18.915628571428574,15.779128571428572,19.486285714285714
2014-04-27,353.0,52.5717,14.775,24.2853,81.96125179287604,18.849728571428574,15.700014285714285,19.97964285714286
2014-05-04,134.0,42.3958,14.8499,25.0537,80.90908878097267,19.15972857142857,15.796157142857142,19.709985714285715
2014-05-11,268.0,41.9572,15.1067,25.2652,80.36932399741025,18.972814285714286,15.514085714285715,20.53427142857143
2014-05-18,272.0,47.1079,14.909,24.1346,80.61100203044622,18.827942857142858,15.420342857142856,20.7203
2014-05-25,321.0,39.7401,12.4754,24.4131,79.83664581193364,18.4834,14.93447142857143,21.0636
2014-06-01,212.0,16.205199999999998,13.9881,24.9898,72.58125707676318,18.666842857142857,13.639585714285715,21.22735714285714
2014-06-08,159.0,17.3836,14.5056,25.2242,70.69518010846865,19.359414285714283,13.895614285714286,21.055471428571426
2014-06-15,530.0,38.597300000000004,14.5139,24.731,74.98292113349807,18.819857142857142,14.287785714285715,20.628942857142857
2014-06-22,476.0,12.2791,13.0408,23.9189,73.56863416410195,18.154957142857143,13.3535,20.5318
2014-06-29,377.0,30.5302,13.8555,24.4864,75.1408492227109,18.487671428571428,14.000485714285714,19.781728571428573
2014-07-06,252.0,16.977,12.6327,23.881,73.3854448593701,17.9116,13.079642857142858,18.72644285714286
2014-07-13,349.0,25.814500000000002,12.5549,23.6238,72.90597809366527,17.6327,12.710542857142856,18.281985714285714
2014-07-20,394.0,26.1566,12.7557,24.3966,73.96948347897437,17.6053,12.88237142857143,18.356457142857145
2014-07-27,130.0,21.2724,12.0154,23.8038,73.85369058293772,17.220985714285714,12.512271428571427,18.174042857142858
2014-08-03,310.0,13.5797,12.2828,24.3841,71.04685674638267,17.785585714285713,12.457914285714285,17.429142857142857
2014-08-10,132.0,35.2985,13.331,24.5969,76.42542620170381,17.684114285714287,13.45867142857143,17.182885714285714
2014-08-17,190.0,20.8471,12.4102,24.3569,75.71133199649458,17.88058571428571,13.523371428571428,16.85727142857143
2014-08-24,377.0,5.6662,12.1445,25.1073,69.00337823898859,18.1918,12.402142857142858,17.308500000000002
2014-08-31,148.0,27.2565,13.4447,25.0309,73.94944953486281,18.041885714285716,13.310671428571428,17.157014285714286
2014-09-07,313.0,20.2281,13.3884,25.2611,75.33740217632013,18.45247142857143,13.993442857142856,16.435514285714284
2014-09-14,285.0,29.7151,13.4529,25.3147,76.10877664727175,18.753557142857144,14.430171428571429,16.51267142857143
2014-09-21,49.0,36.1102,14.16,24.5744,78.36098653049625,18.5573,14.714528571428572,16.9226
2014-09-28,358.0,32.8864,14.4566,25.4542,76.8874015208213,18.926657142857145,14.772985714285713,16.90097142857143
2014-10-05,274.0,26.9299,14.0536,24.9661,78.0412397154748,18.767814285714284,14.856228571428572,17.10242857142857
2014-10-12,403.0,56.375,15.0001,25.3684,81.12018641266762,18.918185714285716,15.606985714285715,17.190571428571428
2014-10-19,164.0,25.401699999999998,14.3014,26.4515,74.6838293953269,19.324028571428574,14.708428571428572,17.77777142857143
2014-10-26,248.0,44.5266,15.0878,25.9757,78.76777113766295,19.06367142857143,15.284457142857145,17.933542857142857
2014-11-02,435.0,40.9443,15.2036,25.5028,77.7037946798359,19.436514285714285,15.430814285714286,17.7993
2014-11-09,524.0,42.3655,15.1952,25.9632,76.25224788584391,19.702357142857142,15.397757142857143,18.277871428571427
2014-11-16,259.0,65.81190000000001,14.8779,25.0097,80.07478175809054,18.859471428571428,15.339942857142857,18.882828571428572
2014-11-23,475.0,35.6822,14.9884,26.046,75.37181819418434,19.452585714285714,14.9753,18.568157142857142
2014-11-30,259.0,55.5683,15.2865,25.0977,76.54477713538283,19.55594285714286,15.313142857142859,18.392385714285716
2014-12-07,476.0,51.3199,16.0291,25.6925,78.64179788742378,19.68372857142857,15.863842857142856,18.215157142857144
2014-12-14,473.0,50.434,15.8814,25.1762,79.86525838206555,19.51595714285714,15.945514285714285,18.47864285714286
2014-12-21,83.0,46.913000000000004,15.435,25.0861,79.47305610563141,19.393257142857145,15.738242857142856,18.852042857142855
2014-12-28,190.0,71.6537,16.0776,24.6906,82.28024833892947,19.258185714285712,16.154171428571427,19.121185714285712
2015-01-04,0.0,63.0696,15.8756,24.168,83.17176587734563,18.958414285714287,16.034385714285715,20.146642857142858
2015-01-11,180.0,50.7164,15.5992,23.4995,83.76242844978849,18.711185714285712,15.906514285714284,20.818971428571427
2015-01-18,380.0,66.6922,15.149,24.7881,80.92812490776532,19.128642857142857,15.772557142857142,20.565428571428573
2015-01-25,411.0,76.9981,15.6443,24.2767,84.90638448213008,18.75202857142857,16.156871428571428,20.844785714285713
2015-02-01,481.0,86.3054,15.9827,23.7888,86.70444770916664,18.809785714285713,16.545042857142857,21.754585714285717
2015-02-08,505.0,59.2699,15.7616,25.0876,83.07393309846529,19.691514285714284,16.733714285714285,22.019057142857143
2015-02-15,432.0,76.91120000000001,16.1763,23.8322,86.8972644393032,19.302442857142857,17.064785714285712,23.050328571428572
2015-02-22,484.0,63.00150000000001,15.7569,25.6033,82.26606390827975,19.728399999999997,16.612085714285715,21.976185714285716
2015-03-01,582.0,65.5853,15.7633,24.3016,85.22071188896557,19.168914285714287,16.624928571428573,20.869342857142858
2015-03-08,765.0,77.7252,16.0938,24.277,86.95829789055627,19.03212857142857,16.80962857142857,20.355557142857144
2015-03-15,629.0,65.6734,16.287,25.1449,84.82258435562355,19.768471428571427,17.1399,21.168642857142856
2015-03-22,815.0,82.0626,16.2016,24.8342,87.01739155071024,19.31142857142857,17.093228571428572,22.6807
2015-03-29,686.0,59.5064,15.434,24.5438,84.58127323325144,19.146600000000003,16.485442857142857,22.8156
2015-04-05,726.0,57.0815,15.5012,25.105,84.31569411932107,19.29875714285714,16.58312857142857,20.8312
2015-04-12,1403.0,67.8452,15.3209,24.4763,85.66472753063294,18.831285714285716,16.375357142857144,20.106871428571427
2015-04-19,1613.0,46.915,15.3675,24.5288,84.07056615046291,19.1184,16.362257142857143,20.593242857142858
2015-04-26,1751.0,60.3538,15.5265,24.6807,85.36682565326693,19.033142857142856,16.519785714285714,20.355028571428573
2015-05-03,1997.0,48.1325,15.6142,25.13,83.88578324927296,19.26515714285714,16.467357142857143,20.812857142857144
2015-05-10,2217.0,44.5977,15.2219,23.9956,82.79877750600869,19.062857142857144,16.069071428571426,20.730985714285712
2015-05-17,2151.0,62.2738,14.972,23.0457,83.75441741450292,18.339771428571428,15.541514285714285,20.933357142857144
2015-05-24,2415.0,24.2562,14.3094,25.2086,78.31235619538496,18.981057142857143,15.118885714285714,20.65647142857143
2015-05-31,2175.0,39.3801,14.8918,24.6023,80.67426315784027,18.847671428571427,15.4525,20.3921
2015-06-07,0.0,31.3279,14.5011,24.4854,79.18153515915411,19.029657142857143,15.331542857142859,20.457542857142858
2015-06-14,1553.0,22.0091,14.3707,24.6441,76.84982634519027,18.849871428571426,14.69667142857143,21.040971428571428
2015-06-21,3877.0,32.3785,13.0542,24.3525,77.41841429234262,18.339314285714288,14.316699999999999,20.436200000000003
2015-06-28,1140.0,16.1833,13.1064,24.1909,74.71138059130602,18.19077142857143,13.626000000000001,20.457328571428572
2015-07-05,1498.0,31.9666,13.5874,24.4665,75.88604017784253,18.29255714285714,13.94367142857143,20.353985714285717
2015-07-12,504.0,25.9046,12.4413,23.6932,72.30180770464105,17.736114285714287,12.680571428571428,19.83664285714286
2015-07-19,532.0,17.5571,12.7465,24.4817,72.94076182368781,18.084957142857142,13.152871428571428,19.474999999999998
2015-07-26,300.0,19.6463,13.3585,24.7462,73.26095410640019,18.266928571428572,13.389371428571428,18.74532857142857
2015-08-02,447.0,15.4056,13.4411,24.439,71.54107591722725,18.614071428571428,13.367228571428571,18.229514285714284
2015-08-09,197.0,12.6768,14.2555,25.8763,67.9988086823258,19.305585714285712,13.24552857142857,18.27657142857143
2015-08-16,353.0,33.6255,13.377,24.1987,76.19128979151712,18.06922857142857,13.786714285714286,18.120385714285714
2015-08-23,489.0,9.6703,14.1494,25.708,72.68613429852387,19.19862857142857,14.172885714285714,18.331385714285716
2015-08-30,332.0,22.6704,14.1529,25.9604,70.3291510332042,19.273385714285716,13.731057142857143,18.462142857142858
2015-09-06,238.0,24.9899,14.1561,25.7132,74.82917247567391,19.138914285714286,14.55512857142857,18.881614285714285
2015-09-13,283.0,15.0678,14.8486,26.3083,69.92970710709369,19.928842857142858,14.271142857142857,18.262071428571428
2015-09-20,251.0,17.4804,14.3935,26.847,71.93560027957803,19.895171428571427,14.668785714285715,18.58472857142857
2015-09-27,261.0,24.2271,15.1189,26.6151,74.15537258594766,20.0711,15.3245,19.09072857142857
2015-10-04,183.0,36.2108,14.7476,26.2738,74.61299045067065,19.461814285714286,14.8101,18.957414285714286
2015-10-11,412.0,23.1578,15.2778,26.8616,73.05053482089933,20.11967142857143,15.135385714285714,19.113257142857144
2015-10-18,173.0,40.9659,14.7376,25.8671,75.18236544324498,19.34375714285714,14.824914285714286,18.792271428571432
2015-10-25,256.0,25.766000000000002,15.3764,26.7492,76.78603517283283,20.181528571428572,15.971157142857143,19.158042857142856
2015-11-01,77.0,35.1465,15.7601,25.9357,77.13831786685842,19.989300000000004,15.8592,19.5195
2015-11-08,82.0,58.0278,15.106,25.2187,76.11987015889031,19.384414285714286,15.064257142857143,19.600871428571427
2015-11-15,42.0,47.5101,15.9137,25.8026,80.5886360802307,19.70987142857143,16.27454285714286,19.644714285714286
2015-11-22,564.0,30.9723,15.843,26.9766,76.3995506539154,20.46618571428571,16.162942857142856,19.726428571428574
2015-11-29,399.0,31.3619,16.3263,26.7202,77.52294183985998,20.74982857142857,16.676871428571427,20.14227142857143
2015-12-06,273.0,55.9533,15.5952,26.4518,77.40772967909295,19.84465714285714,15.748685714285715,20.4313
2015-12-13,0.0,42.7423,16.1247,27.2113,77.782046744623,20.133399999999998,16.1207,21.06264285714286
2015-12-20,0.0,54.3713,16.0376,26.0886,79.58025010446777,19.954342857142855,16.30625714285714,21.08067142857143
2015-12-27,0.0,58.8044,16.2115,24.5563,82.65217141260597,19.526142857142855,16.49372857142857,21.600157142857142
2016-01-03,0.0,38.9887,15.9996,25.6731,76.7636907263327,20.130485714285715,15.917600000000002,21.96867142857143
2016-01-10,157.0,40.4967,16.5961,26.5482,79.24601132448258,20.667157142857143,16.941257142857143,22.200314285714285
2016-01-17,523.0,39.7737,16.6275,26.9782,76.8929790554146,20.999185714285716,16.783442857142855,22.250857142857143
2016-01-24,519.0,39.0792,16.8681,27.8536,78.64392863114692,21.117485714285717,17.243685714285714,22.895185714285713
2016-01-31,701.0,48.3285,17.027,27.3137,80.01990029067471,21.030185714285714,17.447557142857143,23.438071428571426
2016-02-07,768.0,82.8918,16.4718,25.3546,84.80157693026001,19.85922857142857,17.22067142857143,23.524628571428572
2016-02-14,1104.0,65.5488,16.8104,25.6276,85.0412670944506,20.03235714285714,17.433885714285715,22.855014285714283
2016-02-21,1334.0,61.7451,17.1027,25.7258,84.1360038055757,20.59887142857143,17.82334285714286,22.806214285714287
2016-02-28,1123.0,87.1853,17.0366,25.9325,86.59839810710216,20.27802857142857,17.967342857142857,23.94835714285714
2016-03-06,1328.0,63.634699999999995,16.7067,25.9166,84.83278780740572,20.496585714285715,17.854757142857142,23.576957142857143
2016-03-13,1330.0,66.6561,16.5903,26.4922,84.50813924993733,20.036614285714286,17.338985714285716,23.462600000000002
2016-03-20,1258.0,55.4574,16.1992,25.7097,82.31565410798972,20.191514285714284,17.076242857142855,22.21737142857143
2016-03-27,1132.0,49.8129,16.3842,27.1038,82.14423629762207,20.417871428571427,17.259814285714285,21.561128571428572
2016-04-03,1075.0,59.105000000000004,16.4851,25.7793,83.27004390345243,20.143685714285713,17.213042857142856,21.4434
2016-04-10,1199.0,45.6618,16.4117,26.109,83.34910588617537,20.196085714285715,17.281214285714288,20.767757142857143
2016-04-17,1463.0,60.5268,15.6958,25.5923,83.82244441123532,19.784585714285715,16.964642857142856,20.303185714285714
2016-04-24,1633.0,36.4109,15.6824,26.2623,81.91716783360042,19.989642857142858,16.8023,20.061585714285716
2016-05-01,1418.0,30.8797,12.5066,26.7896,75.98620203982205,18.624714285714283,14.304485714285715,19.741171428571427
2016-05-08,332.0,20.373800000000003,13.6867,26.0492,76.76978829939765,19.43135714285714,15.246414285714286,19.626299999999997
2016-05-15,1698.0,38.5368,14.7291,25.4387,79.71823270732209,19.344357142857145,15.746814285714285,19.79925714285714
2016-05-22,610.0,32.6088,14.6145,24.9107,76.3974628161363,19.180985714285715,14.929428571428572,19.01917142857143
2016-05-29,1230.0,36.8071,13.7218,24.5084,75.84152101155037,18.472885714285717,14.123014285714286,18.640657142857144
2016-06-05,1380.0,19.8388,13.3626,24.9062,73.61285737733455,18.666500000000003,13.856842857142857,18.576628571428575
2016-06-12,754.0,33.6583,13.6523,24.8602,75.47008071079092,18.1928,13.780885714285715,18.174842857142856
2016-06-19,861.0,13.507200000000001,12.0766,24.2761,72.57985327022796,17.7374,12.744942857142858,18.564957142857143
2016-06-26,809.0,24.8509,12.5738,23.7703,72.54134878131246,17.74772857142857,12.741514285714286,17.81822857142857
2016-07-03,399.0,24.4799,12.2871,23.9434,75.87321224740278,17.707457142857145,13.378957142857143,17.492771428571427
2016-07-10,373.0,20.3279,13.0599,24.2108,76.5713586281172,17.9518,13.761871428571428,17.7857
2016-07-17,347.0,14.825099999999999,13.3036,24.7929,73.53685546334053,18.547228571428573,13.724385714285715,17.858842857142857
2016-07-24,263.0,11.8299,12.7692,24.7493,70.14508422187002,18.091314285714287,12.559457142857143,18.0478
2016-07-31,60.0,15.4673,13.141,24.7008,69.33838943482776,18.435914285714286,12.716857142857142,17.8842
2016-08-07,190.0,11.5302,12.8705,25.8611,68.00539685626951,18.898685714285712,12.860971428571428,17.875114285714286
2016-08-14,131.0,25.1557,12.8316,25.4517,72.84866336459244,18.426099999999998,13.455457142857142,17.937485714285714
2016-08-21,108.0,19.325699999999998,14.0056,26.0636,70.26938670857912,19.131128571428572,13.579557142857142,17.8125
2016-08-28,116.0,15.8277,12.4589,25.5153,72.2498996579083,18.585414285714283,13.489257142857143,17.756185714285714
2016-09-04,204.0,36.5407,13.4098,25.9106,70.60930530353572,18.21495714285714,12.778185714285714,17.553314285714286
2016-09-11,76.0,15.8526,12.7789,26.0336,68.25643705973455,18.596014285714286,12.627114285714285,17.6062
2016-09-18,58.0,23.3501,13.9779,27.2993,69.70373396476263,19.52854285714286,13.818228571428572,17.724371428571427
2016-09-25,292.0,39.4067,13.8745,25.0243,76.68168995841067,18.56544285714286,14.38107142857143,17.850085714285715
2016-10-02,43.0,42.6519,14.6804,26.681,77.15902695144072,19.30102857142857,15.188614285714285,18.03102857142857
2016-10-09,162.0,39.8309,14.3347,25.4574,76.08606705163493,19.04838571428571,14.72632857142857,18.1338
2016-10-16,496.0,42.1622,15.0295,25.7546,77.76132599553809,19.258914285714287,15.269342857142858,18.549057142857144
2016-10-23,210.0,30.0946,14.978,26.2242,75.22507565829324,19.624,15.114785714285714,17.893514285714286
2016-10-30,169.0,43.0532,14.035,25.7738,74.64483060734231,19.08597142857143,14.469771428571429,18.250385714285716
2016-11-06,408.0,39.2456,14.1347,26.4805,74.28308959445738,19.3688,14.658814285714286,18.503899999999998
2016-11-13,296.0,35.8623,15.1416,26.746,74.74023048949947,20.017485714285716,15.384185714285715,19.401971428571425
2016-11-20,234.0,26.5701,13.6895,26.9051,70.53236973909705,19.706814285714284,14.180928571428572,19.366014285714282
2016-11-27,352.0,37.1148,14.0929,26.3164,73.1009762233917,19.620957142857144,14.655928571428571,18.6675
2016-12-04,146.0,48.6302,15.3269,25.4857,78.84839490275314,19.389171428571427,15.619014285714286,18.919785714285716
2016-12-11,440.0,54.407599999999995,15.3433,25.4799,80.21769558754401,19.117514285714286,15.62192857142857,18.823857142857143
2016-12-18,218.0,52.0671,15.1298,25.4146,79.73199406542017,19.40332857142857,15.796742857142858,19.159985714285714
2016-12-25,267.0,47.9706,15.8851,25.6377,80.49475615488339,19.735714285714288,16.278214285714288,19.969785714285713
2017-01-01,0.0,100.6957,15.7846,24.6501,84.52251031007336,19.2290375,16.5507375,20.245525
2017-01-08,199.0,86.82900000000001,15.8617,24.5484,86.1111405764908,18.955342857142856,16.576428571428572,20.345757142857142
2017-01-15,408.0,88.1206,15.5862,23.7331,86.7629697851067,18.931885714285716,16.675900000000002,21.02115714285714
2017-01-22,479.0,60.204,15.6109,25.5803,82.49217526136808,19.513985714285717,16.44727142857143,21.600157142857142
2017-01-29,452.0,82.7295,15.8692,25.2056,85.44526897885203,19.253757142857143,16.74452857142857,22.797857142857143
2017-02-05,605.0,57.4251,15.9739,25.2811,83.37198395989893,19.79747142857143,16.895928571428573,23.228442857142856
2017-02-12,725.0,56.4759,16.4096,25.041,83.31550621866577,20.00745714285714,17.089742857142856,22.584085714285713
2017-02-19,918.0,67.7162,15.962,24.7013,84.41734915380472,19.308157142857144,16.61244285714286,22.77662857142857
2017-02-26,645.0,91.321,15.9066,24.3729,87.03076663269728,19.030671428571427,16.818714285714286,22.84017142857143
2017-03-05,838.0,73.8021,16.0283,24.9893,85.13403783276858,19.3611,16.792442857142856,23.913214285714282
2017-03-12,1071.0,73.6164,16.0254,24.8611,86.0186859953739,19.4069,17.005157142857144,23.616585714285716
2017-03-19,1223.0,84.4293,15.7534,24.9083,85.21401488501292,19.31627142857143,16.76432857142857,24.01158571428571
2017-03-26,1508.0,67.4248,16.17,24.9731,84.58153389298116,19.460842857142858,16.7896,23.12215714285714
2017-04-02,2265.0,67.8127,15.5278,24.6458,86.26898415040583,19.30147142857143,16.948614285714285,22.402271428571428
2017-04-09,2181.0,49.0992,15.5615,25.1502,82.64050491412443,19.598857142857145,16.562157142857142,20.588600000000003
2017-04-16,2480.0,63.2121,14.9447,24.9033,83.76873598453965,19.14164285714286,16.323742857142857,20.43492857142857
2017-04-23,3762.0,46.6817,15.2387,25.2692,82.71246696821213,19.29897142857143,16.281214285714288,20.504357142857145
2017-04-30,3520.0,50.9049,14.6878,25.2768,82.59969859897919,18.7857,15.75792857142857,20.219614285714282
2017-05-07,4294.0,41.3315,14.6695,24.5782,81.00166235771424,19.138342857142856,15.796657142857145,20.058042857142855
2017-05-14,6191.0,36.82,14.7823,25.547,81.31253798250914,19.294271428571427,16.006742857142857,20.354585714285715
2017-05-21,11070.0,36.2493,14.6309,24.9884,79.89564612708466,19.109085714285715,15.556042857142858,19.3942
2017-05-28,8024.0,43.3285,15.2333,23.3348,83.6813878732114,18.733542857142854,15.913514285714285,19.307457142857142
2017-06-04,5131.0,33.7383,13.865,23.462,80.3226572994356,18.215885714285715,14.765642857142856,19.413171428571427
2017-06-11,3809.0,30.1648,13.7909,24.7257,78.3487509363915,18.549142857142858,14.705542857142857,19.210585714285713
2017-06-18,2786.0,20.0784,13.1363,24.6133,73.1311413491575,18.363785714285715,13.458228571428572,18.836785714285714
2017-06-25,1903.0,26.716499999999996,12.9861,24.3448,75.01572816230161,17.891,13.394628571428571,18.728857142857144
2017-07-02,601.0,30.157600000000002,13.3977,24.1519,78.5289042788056,18.11432857142857,14.314828571428572,18.60065714285714
2017-07-09,181.0,16.7058,12.5429,23.55,74.5595795234923,17.54202857142857,12.964342857142857,18.220614285714284
2017-07-16,1208.0,5.2988,12.1323,24.8372,70.70077426362252,18.122357142857144,12.714257142857141,18.200614285714288
2017-07-23,1205.0,13.2447,10.6365,24.9171,67.32012966317407,17.038685714285716,10.917557142857143,17.67854285714286
2017-07-30,601.0,9.8951,13.0135,24.9464,67.44376304005196,18.317614285714285,12.182485714285715,17.819300000000002
2017-08-06,616.0,11.0249,12.9461,26.0816,66.73220984522023,18.667057142857143,12.352657142857142,17.561514285714285
2017-08-13,314.0,13.739899999999999,13.2858,25.6647,66.925531109164,18.9206,12.635142857142856,17.156842857142856
2017-08-20,72.0,22.697200000000002,13.0895,25.4497,68.16860002728937,18.70785714285714,12.705742857142857,16.7463
2017-08-27,176.0,35.805,11.8593,24.877,70.18821699474273,18.245171428571428,12.71937142857143,16.922242857142855
2017-09-03,173.0,20.8305,13.8647,25.2387,72.95402454008818,18.912285714285712,13.9506,16.958557142857142
2017-09-10,405.0,21.009,14.1541,25.6822,75.0085413366212,18.930457142857144,14.398385714285714,16.905257142857142
2017-09-17,431.0,40.4707,14.9629,24.4677,77.76786694946182,18.445885714285712,14.484457142857142,16.45207142857143
2017-09-24,128.0,27.327299999999997,13.9469,26.4934,75.62024997401342,18.956685714285715,14.537614285714286,16.259642857142858
2017-10-01,338.0,34.515,14.2391,25.5024,73.51560766998043,18.91277142857143,14.062357142857142,16.39407142857143
2017-10-08,299.0,29.715500000000002,14.1937,26.4067,70.30742722093566,19.07752857142857,13.528528571428572,16.4043
2017-10-15,293.0,41.5884,14.2187,26.6765,74.99317675706227,19.131314285714286,14.554942857142859,16.589642857142856
2017-10-22,1.0,45.4075,14.9085,25.8285,77.19395799400266,19.203085714285717,15.104600000000001,16.737514285714287
2017-10-29,287.0,42.5547,15.0289,25.0545,77.27105499891358,18.984471428571428,14.912757142857142,16.92307142857143
2017-11-05,105.0,41.9744,14.9404,25.4958,74.17345247599373,19.202385714285715,14.485957142857144,16.509514285714285
2017-11-12,170.0,55.7151,15.1763,24.9925,78.0712090017527,18.989071428571428,15.073214285714286,16.6098
2017-11-19,247.0,50.6938,15.239,24.8612,79.08014065608602,19.277800000000003,15.557085714285716,17.6
2017-11-26,337.0,38.1322,15.2819,25.6274,75.70874167238672,19.69225714285714,15.27982857142857,17.97662857142857
2017-12-03,331.0,62.4754,15.7559,25.9616,80.10643645667278,19.379742857142855,15.848457142857143,17.789785714285717
2017-12-10,263.0,46.6602,15.32,26.5736,78.19589662636666,19.5147,15.5946,17.537485714285715
2017-12-17,184.0,37.865,15.3272,26.2678,76.58812696206876,19.956485714285716,15.7133,17.915928571428573
2017-12-24,191.0,48.5933,15.8199,24.6971,81.45297529845615,19.46014285714286,16.198214285714286,18.82625714285714
2017-12-31,198.0,62.42100000000001,15.6986,24.064,83.30725139589542,18.991814285714288,16.093,19.178014285714287
2018-01-07,130.0,59.6074,15.4845,24.7582,82.94481967080408,18.96572857142857,15.999214285714285,19.43791428571429
2018-01-14,396.0,68.0062,15.0147,24.0215,85.28867060026225,18.333599999999997,15.815671428571429,19.77947142857143
2018-01-21,397.0,74.6643,15.2844,23.4812,86.42475041358968,18.28,15.974057142857143,19.6009
2018-01-28,608.0,38.076299999999996,15.078,25.1615,82.2782844702026,19.123414285714286,16.022828571428573,19.902371428571428
2018-02-04,457.0,42.2177,15.7664,25.6258,80.89935777949286,20.06402857142857,16.681285714285714,19.9151
2018-02-11,59.0,54.1415,15.768,25.1004,81.95004674237548,19.841757142857144,16.66552857142857,20.209
2018-02-18,339.0,77.6719,15.64,24.069,85.61404891344316,18.97988571428571,16.507285714285715,21.00697142857143
2018-02-25,175.0,55.8191,15.0698,24.8042,81.40153669166138,19.0515,15.7902,21.099557142857144
2018-03-04,237.0,56.5921,15.653,24.6825,84.45987801854248,18.897457142857142,16.217985714285714,20.429928571428572
2018-03-11,288.0,58.908,15.7223,24.6946,84.54587586760142,19.08695714285714,16.420214285714284,19.866814285714288
2018-03-18,205.0,59.1594,16.1909,25.0627,83.53908342164002,19.57284285714286,16.7066,20.179671428571428
2018-03-25,409.0,64.152,15.6887,24.7651,84.78198350692523,19.134785714285716,16.509457142857144,20.0034
2018-04-01,191.0,59.2393,14.6253,24.2416,82.94820236520529,18.593385714285716,15.636642857142858,19.55944285714286
2018-04-08,297.0,59.472899999999996,14.8048,24.7738,83.70750838449702,18.63655714285714,15.820371428571429,19.16418571428571
2018-04-15,332.0,52.5287,14.7467,25.0947,82.26747481641989,18.79407142857143,15.69797142857143,18.603828571428572
2018-04-22,380.0,44.4333,14.3302,24.3431,80.4950815433866,18.616614285714288,15.191199999999998,18.67432857142857
2018-04-29,284.0,53.1256,14.5396,24.4359,84.09575009227953,18.718342857142858,15.975042857142856,19.03852857142857
2018-05-06,139.0,46.389,14.6581,24.6245,82.6303699143991,18.627399999999998,15.609457142857142,18.759142857142855
2018-05-13,79.0,42.1646,14.0636,24.5261,81.99588900783688,18.445957142857143,15.3125,18.485271428571426
2018-05-20,39.0,40.770399999999995,13.6473,24.1456,77.30727333988953,18.216257142857142,14.173714285714285,18.090457142857144
2018-05-27,136.0,27.3305,12.8188,23.9453,76.38308364110027,17.776285714285713,13.565842857142856,18.30962857142857
2018-06-03,5.0,54.2559,13.6325,23.4214,76.72476999624135,17.9519,13.787,18.156685714285715
2018-06-10,52.0,19.9328,12.7856,22.9107,80.047882958669,17.127914285714287,13.649357142857143,18.102157142857145
2018-06-17,122.0,24.3213,11.8442,22.9752,79.90784127594199,16.963414285714286,13.468314285714285,17.900557142857142
2018-06-24,230.0,8.8462,11.9158,23.6425,73.64953003395443,17.268442857142855,12.514957142857142,17.63311428571429
2018-07-01,62.0,17.3986,13.1306,24.2703,75.92775102271025,17.897042857142857,13.58607142857143,17.409528571428574
2018-07-08,54.0,10.4353,12.8594,24.7935,71.61287624424877,18.215985714285715,12.999014285714285,17.491742857142857
2018-07-15,38.0,20.793599999999998,11.9249,23.588,74.61237245637918,16.89447142857143,12.354714285714286,17.414657142857145
2018-07-22,92.0,36.6993,13.0584,23.7492,78.97051486859208,17.351785714285715,13.647071428571428,17.515071428571428
2018-07-29,154.0,8.9548,12.214,24.1678,75.2223644002547,17.49477142857143,13.0529,17.49807142857143
2018-08-05,156.0,28.6747,12.9308,23.6629,77.91234095886541,17.701028571428573,13.788471428571428,17.485685714285715
2018-08-12,87.0,30.482,12.9564,23.5537,75.75012896041986,17.270999999999997,12.94577142857143,17.207614285714286
2018-08-19,6.0,25.507800000000003,12.628,24.2733,72.73809936616347,17.735385714285716,12.770028571428572,17.057985714285714
2018-08-26,59.0,29.4168,12.3176,24.6108,72.58551337715276,17.38394285714286,12.3805,16.96382857142857
2018-09-02,51.0,13.9749,12.2808,25.1072,69.54347815963452,18.284200000000002,12.613771428571429,17.04565714285714
2018-09-09,96.0,18.7238,12.2879,25.5279,67.2740530809853,18.253557142857144,12.075114285714287,17.22648571428571
2018-09-16,49.0,21.7959,14.1029,26.3759,71.27105852376782,19.038342857142855,13.696314285714285,17.440742857142858
2018-09-23,44.0,25.0532,13.8281,25.7713,69.95567723108528,19.153585714285715,13.533942857142858,17.5529
2018-09-30,82.0,26.5242,14.4969,26.2101,71.74232618020547,19.30118571428571,14.067157142857143,17.556471428571427
2018-10-07,138.0,41.7098,15.1867,24.9886,76.3972749900486,19.117628571428572,14.845585714285715,17.509085714285714
2018-10-14,166.0,50.7415,15.2393,25.0062,79.47474301668477,18.844942857142858,15.204714285714285,18.193257142857142
2018-10-21,178.0,34.2926,15.4115,25.7862,78.58161040273477,19.460628571428572,15.631557142857144,17.961428571428574
2018-10-28,179.0,51.0362,15.1743,25.5735,78.9089432114525,19.016885714285714,15.266157142857143,17.299757142857143
2018-11-04,0.0,39.5121,15.4757,25.2795,77.31547594258724,19.46132857142857,15.3787,17.995857142857144
2018-11-11,0.0,49.3568,15.771,25.488,79.37010382898903,19.4895,15.818428571428571,18.733514285714286
2018-11-18,0.0,54.503600000000006,16.0554,24.8598,78.0099844161136,19.792742857142855,15.84597142857143,19.001585714285714
2018-11-25,0.0,68.9232,16.012,25.9699,78.4781076453771,19.67617142857143,15.814642857142859,19.353114285714287
2018-12-02,0.0,52.3283,15.0276,25.2184,73.96558582045563,19.580685714285714,14.788528571428571,19.780514285714283
2018-12-09,0.0,40.6628,14.8267,24.8194,74.48623009846922,19.198114285714286,14.533985714285715,19.982599999999998
2018-12-16,0.0,52.8902,15.5997,25.2648,78.52481397943761,19.537757142857142,15.693142857142858,20.152800000000003
2018-12-23,0.0,66.5026,15.8469,24.5367,83.6127394222272,18.935185714285716,16.095742857142856,20.583871428571427
2018-12-30,0.0,44.2569,15.8986,24.219,81.7645312201176,19.2819,16.085771428571427,20.847085714285715
2019-01-06,134.0,43.3569,16.0388,25.3039,80.51411395130062,19.684142857142856,16.233385714285713,21.21472857142857
2019-01-13,321.0,75.81309999999999,15.5172,25.2893,83.48940384779395,19.10505714285714,16.2309,22.136571428571425
2019-01-20,389.0,77.40129999999999,15.7249,23.6477,86.04476283416601,18.8295,16.442742857142857,21.23402857142857
2019-01-27,329.0,65.6291,16.2644,25.6453,84.26452284699916,19.606485714285714,16.875585714285712,21.620885714285716
2019-02-03,406.0,95.37899999999999,16.5421,23.4616,87.72688383697519,19.343685714285716,17.2548,22.858214285714286
2019-02-10,383.0,84.2722,16.338,23.7841,87.11481591544347,19.317157142857145,17.11797142857143,23.5168
2019-02-17,311.0,72.1661,16.5272,24.8442,85.90883042292792,19.57467142857143,17.1467,22.995
2019-02-24,417.0,62.4363,16.4606,24.635,84.7040585610955,19.744657142857143,17.093842857142857,22.03294285714286
2019-03-03,377.0,65.3845,15.6959,24.875,84.08962212594524,19.37665714285714,16.6174,21.56464285714286
2019-03-10,280.0,71.0967,16.4316,25.5337,84.07755283075012,19.791085714285714,17.019671428571428,21.19147142857143
2019-03-17,205.0,64.3521,16.146,24.8314,85.12296800849325,19.53784285714286,16.9694,21.26997142857143
2019-03-24,252.0,67.6852,16.0445,24.5782,84.2119112247434,19.189671428571426,16.458671428571428,20.18538571428571
2019-03-31,394.0,63.3743,16.0498,24.9345,84.12602946734769,19.3514,16.59757142857143,20.132157142857146
2019-04-07,52.0,61.9094,14.9774,25.744,82.67003510913618,19.367514285714286,16.331728571428574,20.09694285714286
2019-04-14,290.0,28.5979,14.3803,25.5296,78.79253707432123,19.260157142857143,15.483457142857143,19.569857142857142
2019-04-21,192.0,47.8043,15.7859,25.1166,83.39431267721821,19.5328,16.638657142857145,19.764342857142857
2019-04-28,341.0,55.2826,15.4045,25.0415,83.6808134912462,19.395214285714285,16.559257142857142,19.42324285714286
2019-05-05,249.0,37.8848,15.0515,25.297,79.96189010275161,19.235899999999997,15.689228571428572,19.270500000000002
2019-05-12,332.0,29.4047,15.3769,25.5336,80.07629210544577,19.64417142857143,16.108585714285713,19.473771428571432
2019-05-19,222.0,36.552,13.1411,24.7044,76.85386335455344,18.107657142857143,13.945057142857141,19.295657142857145
2019-05-26,210.0,36.6876,14.1107,24.5352,76.57719359245758,18.476499999999998,14.282300000000001,19.05695714285714
2019-06-02,321.0,18.183300000000003,14.2208,25.1692,73.9460598359806,19.2041,14.44542857142857,18.4591
2019-06-09,513.0,31.936500000000002,13.2002,24.1651,72.95831060504118,18.132214285714287,13.194085714285714,18.185042857142857
2019-06-16,273.0,25.4231,14.1021,24.5921,75.33156830120394,18.67022857142857,14.20962857142857,18.442785714285716
2019-06-23,238.0,21.240000000000002,12.7269,24.0061,73.06521415304532,18.122214285714286,13.203985714285713,18.067514285714285
2019-06-30,81.0,31.9117,12.3558,24.1665,72.91969726432214,18.135485714285714,13.171800000000001,18.147014285714285
2019-07-07,194.0,29.8696,12.7391,24.7027,71.71621406411445,18.040928571428573,12.837442857142857,17.54502857142857
2019-07-14,121.0,16.1248,11.5961,24.4519,70.01884127614021,17.56382857142857,12.025585714285715,17.2018
2019-07-21,162.0,29.8594,13.2004,23.3756,76.10812769317927,17.619071428571427,13.3515,16.75517142857143
2019-07-28,155.0,26.3223,12.2576,23.7869,73.46803081482464,17.311485714285713,12.506142857142859,16.345457142857143
2019-08-04,195.0,9.1507,11.4676,25.2015,64.22149220529961,17.81647142857143,10.958485714285715,16.336671428571428
2019-08-11,123.0,5.2033000000000005,9.5448,24.7976,62.30264227600825,17.383342857142857,10.086200000000002,16.556885714285716
2019-08-18,210.0,10.7523,12.7498,25.6485,64.4819226195197,18.399185714285714,11.540442857142859,16.616357142857144
2019-08-25,203.0,25.3899,13.1917,24.5821,70.24204342671761,18.271742857142858,12.7514,16.569285714285716
2019-09-01,147.0,19.1844,13.3071,25.7949,67.14810248095525,18.637028571428573,12.41172857142857,16.540714285714284
2019-09-08,172.0,25.8191,14.439,25.1538,73.75930293670851,18.613142857142858,13.820942857142857,16.486614285714285
2019-09-15,260.0,25.8144,13.2964,25.202,73.6819032601984,18.85352857142857,14.03962857142857,16.206542857142857
2019-09-22,186.0,24.4434,14.7692,26.9569,73.24225992583857,19.71434285714286,14.757428571428571,16.050842857142857
2019-09-29,125.0,25.5713,14.64,26.1868,72.66401717177499,19.33317142857143,14.290414285714286,16.244285714285713
2019-10-06,177.0,47.937200000000004,14.727,25.3306,78.9641945429856,18.62537142857143,14.891142857142857,16.315771428571427
2019-10-13,352.0,32.8149,13.8698,25.075,70.63203801543808,18.544114285714283,13.093142857142857,16.205628571428573
2019-10-20,1337.0,44.8329,14.3954,24.8624,78.88723822817126,18.63665714285714,14.884528571428572,16.955428571428573
2019-10-27,817.0,38.3793,14.2685,25.1999,74.41224784895755,19.055114285714286,14.397014285714286,16.549414285714285
2019-11-03,1313.0,36.4342,15.2938,25.2054,75.82811295971666,19.500585714285712,15.1178,17.094485714285714
2019-11-10,910.0,55.5569,15.5654,25.1975,80.53885712558717,19.477857142857143,16.03964285714286,17.490128571428574
2019-11-17,743.0,64.4158,15.34,25.1317,81.86554814461734,19.18067142857143,16.001628571428572,18.177500000000002
2019-11-24,431.0,60.2169,15.7919,25.4354,79.89715770726336,19.58027142857143,15.997928571428572,19.386514285714288
2019-12-01,590.0,47.7997,15.4073,25.4544,79.73542114692998,19.884700000000002,16.27594285714286,18.9583
2019-12-08,682.0,62.7128,16.1227,25.0602,82.42225047830257,19.3931,16.31922857142857,19.190085714285715
2019-12-15,0.0,65.764,15.9237,25.1354,81.1313731269875,19.50815714285714,16.182785714285714,19.283714285714286
2019-12-22,0.0,77.92750000000001,15.8886,24.8683,82.96623649510835,19.40267142857143,16.431628571428572,19.641785714285714
2019-12-29,0.0,73.9254,16.2093,25.2825,83.24539676140164,19.827642857142855,16.901485714285716,19.640414285714286
2020-01-05,611.0,60.544200000000004,16.3205,25.3639,82.49533536408629,19.8718,16.797014285714287,20.232285714285716
2020-01-12,749.0,24.852800000000002,15.3751,26.4671,76.34905589357943,20.124,15.8179,20.614414285714286
2020-01-19,906.0,54.9895,16.0402,24.8598,81.8380266928677,19.684585714285713,16.492714285714285,20.46597142857143
2020-01-26,1036.0,53.3414,16.8205,26.3407,82.63092024926513,20.308357142857144,17.251314285714283,21.56461428571429
2020-02-02,1096.0,57.8499,16.4974,27.4649,83.23886191305908,20.20444285714286,17.261457142857143,21.784742857142856
2020-02-09,1136.0,55.8928,16.7713,24.9413,82.84937167759264,20.010928571428572,17.003614285714285,21.266457142857146
2020-02-16,1404.0,54.3671,16.5586,24.9788,84.172301873201,19.926,17.173414285714284,21.31378571428571
2020-02-23,1376.0,56.7145,16.8487,26.2454,83.63341156003216,20.162000000000003,17.29652857142857,21.79155714285714
2020-03-01,1516.0,64.2722,16.8503,25.7042,84.5381558996969,20.108785714285716,17.417457142857142,21.77025714285714
2020-03-08,1920.0,44.159400000000005,16.8394,25.8835,81.9134617701002,20.37742857142857,17.183185714285713,21.07592857142857
2020-03-15,1596.0,47.2983,15.9785,26.3031,81.87214558366851,20.22855714285714,17.028971428571428,21.5584
2020-03-22,1116.0,73.7591,16.236,25.4123,84.44587321639098,19.73667142857143,17.03477142857143,21.535185714285713
2020-03-29,1029.0,59.5465,16.5417,26.5649,83.46533843823147,20.031828571428573,17.138457142857142,21.036042857142856
2020-04-05,1118.0,58.5042,16.1124,25.2651,84.00820107498024,19.58122857142857,16.8035,20.565585714285714
2020-04-12,1063.0,50.3413,15.3237,24.7691,82.09460564432527,19.564742857142857,16.421742857142856,20.42457142857143
2020-04-19,1492.0,39.7297,14.2232,25.8723,77.40484040218975,18.91522857142857,14.867614285714286,19.09017142857143
2020-04-26,1305.0,24.139200000000002,13.8067,25.9611,76.70504401986139,19.52057142857143,15.304157142857145,19.05008571428571
2020-05-03,1141.0,54.736000000000004,15.7883,24.6992,83.27172909429802,19.269042857142857,16.357657142857143,19.406014285714285
2020-05-10,979.0,33.4059,14.4547,25.2375,80.54071788776689,18.902757142857144,15.472014285714286,19.591042857142856
2020-05-17,955.0,29.4907,14.4294,25.6672,75.95352200325033,18.900657142857142,14.566542857142858,18.74885714285714
2020-05-24,841.0,31.9941,13.9761,24.7537,76.06416154689218,18.76447142857143,14.457928571428571,18.21297142857143
2020-05-31,564.0,11.3161,13.1272,24.8761,72.19092811902296,18.09082857142857,12.992257142857143,18.673114285714288
2020-06-07,433.0,31.2933,14.3422,24.8366,79.1286147940854,18.261142857142858,14.579528571428572,18.32907142857143
2020-06-14,394.0,12.885,14.128,25.6802,74.58206439498453,19.111871428571426,14.486785714285714,18.35194285714286
2020-06-21,356.0,21.8834,14.2916,25.0663,73.31803257258719,18.69427142857143,13.813485714285715,17.870385714285714
2020-06-28,291.0,22.034,13.8195,24.378,70.39693491527785,18.309285714285714,12.82627142857143,17.250314285714285
2020-07-05,277.0,19.476,13.1745,24.0666,68.25890586365996,17.785171428571427,11.854757142857142,17.008171428571426
2020-07-12,217.0,32.4334,13.5295,24.4511,70.36652697585673,17.739942857142857,12.263328571428572,16.62307142857143
2020-07-19,230.0,19.0325,13.7613,24.8296,70.6015237432429,18.275628571428573,12.833642857142857,16.699057142857143
2020-07-26,254.0,27.406,13.5688,24.9282,69.24231218310426,18.24502857142857,12.5108,16.788085714285714
2020-08-02,342.0,11.756,12.4522,25.3197,64.36894055002243,18.21205714285714,11.35992857142857,16.75672857142857
2020-08-09,390.0,3.1087,12.3346,25.4842,61.699299098599546,18.345885714285714,10.860457142857143,16.604542857142857
2020-08-16,474.0,13.4888,13.7048,25.7968,65.59174872408377,19.1129,12.51182857142857,17.209342857142857
2020-08-23,590.0,25.946199999999997,12.4093,26.2795,70.23061601377745,18.17782857142857,12.644328571428572,17.018800000000002
2020-08-30,500.0,4.1257,13.2747,26.8163,66.53101767568454,19.055228571428568,12.6598,16.873657142857144
2020-09-06,647.0,22.748800000000003,14.4625,26.4652,69.53156644302523,19.163314285714286,13.447528571428572,16.5099
2020-09-13,725.0,19.9813,14.179,25.9194,71.20799613994193,19.21092857142857,13.859514285714285,16.312957142857144
2020-09-20,793.0,29.3036,14.6431,25.7144,73.97230263753059,19.171257142857144,14.412914285714285,16.692942857142857
2020-09-27,893.0,25.7258,14.332,26.0641,70.19816428854702,19.176142857142857,13.604371428571428,16.90182857142857
2020-10-04,1092.0,40.934,14.6826,25.7342,76.53336605693305,19.01007142857143,14.784414285714286,16.855214285714286
2020-10-11,1240.0,12.7852,14.8971,27.59,69.13345331932705,20.07682857142857,14.229885714285714,16.66952857142857
2020-10-18,1391.0,34.1674,15.0761,26.6906,74.76809445372722,19.397985714285713,14.776128571428572,17.18004285714286
2020-10-25,1602.0,35.5296,14.7723,26.909,75.93839700207504,19.616785714285715,15.243528571428572,17.24835714285714
2020-11-01,1748.0,41.2607,14.7237,26.759,73.82629656929102,19.635471428571428,14.824771428571427,17.431242857142855
2020-11-08,2099.0,17.6836,14.9521,27.3278,69.54416253671442,20.265328571428572,14.5142,17.247314285714285
2020-11-15,2142.0,40.0797,15.3307,26.4759,72.87048322979143,19.791314285714286,14.775242857142857,17.371857142857145
2020-11-22,2200.0,45.5299,15.1849,26.4236,71.40723327648378,19.6104,14.282399999999999,17.13242857142857
2020-11-29,1883.0,46.875,15.6084,27.0917,75.03053815412878,20.248628571428572,15.625314285714285,17.157228571428572
2020-12-06,2039.0,75.6755,16.1472,24.6229,83.74595695069432,19.26814285714286,16.446342857142856,18.382271428571432
2020-12-13,2050.0,55.1089,15.9683,25.6518,81.0572132673492,19.475014285714284,16.13027142857143,19.2041
2020-12-20,1896.0,51.9065,15.7143,25.0114,80.29838252800207,19.550185714285714,16.062,19.307885714285714
2020-12-27,1404.0,79.9094,16.2665,24.684,84.1649246888188,19.41398571428571,16.667942857142858,19.4956
2021-01-03,731.0,74.1367,15.5545,24.2653,85.09100090224146,19.003585714285716,16.43542857142857,19.721471428571427
2021-01-10,1636.0,70.9903,15.3296,24.9369,84.43738964734497,18.993985714285714,16.304642857142856,20.351814285714287
2021-01-17,1223.0,55.873999999999995,16.0601,24.9813,83.15811832400827,19.621442857142856,16.679614285714287,20.4924
2021-01-24,1152.0,69.5433,15.8983,23.9445,84.38161956331018,19.043457142857143,16.343585714285716,20.303714285714285
2021-01-31,967.0,53.9347,15.8955,25.0102,81.36494882719788,19.5252,16.237385714285715,20.39817142857143
2021-02-07,941.0,63.3845,16.101,25.0293,83.52799612179638,19.6942,16.819785714285715,20.86344285714286
2021-02-14,889.0,72.3829,15.8337,25.0992,83.4718992242416,19.632442857142856,16.7505,20.6579
2021-02-21,935.0,50.2067,14.8935,24.897,78.4382746178788,19.305785714285715,15.457400000000002,20.556857142857144
2021-02-28,1023.0,65.2136,16.2519,25.2151,82.70055961389774,19.60024285714286,16.572857142857142,20.683157142857144
2021-03-07,1177.0,65.85759999999999,16.1872,24.3771,84.99659597288739,19.535,16.9439,21.626742857142858
2021-03-14,1258.0,63.2114,15.5159,24.5632,83.65114800452743,19.187257142857142,16.351342857142857,21.617528571428572
2021-03-21,1359.0,77.9597,15.3115,24.3143,84.39196625218695,18.781442857142856,16.0898,20.683071428571427
2021-03-28,1236.0,62.5618,15.466,24.5698,84.31659224702013,18.924142857142858,16.218014285714286,19.248957142857144
2021-04-04,1130.0,84.0129,15.7095,24.2333,85.17080689679291,18.7911,16.24167142857143,19.110142857142854
2021-04-11,1147.0,55.0023,15.9359,25.2623,83.95103393201188,19.1696,16.388114285714288,19.432885714285714
2021-04-18,1132.0,50.217800000000004,14.906,24.8592,81.02873933477784,19.154071428571427,15.812242857142857,18.86424285714286
2021-04-25,1075.0,33.9385,14.6261,24.7058,79.12598364943129,18.959557142857143,15.259128571428572,18.77837142857143
2021-05-02,1019.0,43.3128,13.6917,24.6154,77.655225503274,18.063142857142857,14.091014285714285,18.43947142857143
2021-05-09,967.0,34.9341,13.4806,25.4121,79.53659954785475,18.395742857142857,14.787157142857142,18.73092857142857
2021-05-16,1077.0,33.8729,13.3876,24.2804,79.0265908289174,18.2805,14.571928571428572,19.016942857142855
2021-05-23,1107.0,32.7418,13.8997,24.6302,75.04099896980802,18.671557142857143,14.150957142857143,19.007342857142856
2021-05-30,912.0,25.5208,14.1804,25.1411,77.24323798575298,18.473157142857143,14.408357142857142,18.857614285714284
2021-06-06,961.0,37.39,14.3183,24.1252,78.14538266905717,18.278085714285716,14.397642857142857,18.636599999999998
2021-06-13,956.0,31.5759,14.12,24.2579,72.90016944667978,18.1413,13.199314285714285,18.778514285714287
2021-06-20,825.0,28.3884,13.2161,23.5887,76.8866834491427,17.713371428571428,13.597185714285715,18.65512857142857
2021-06-27,745.0,15.9251,13.2405,24.1821,73.21118606767178,18.171385714285716,13.288371428571427,18.208342857142856
2021-07-04,701.0,21.5965,10.7465,23.0382,67.16157392205638,16.32532857142857,10.172357142857143,17.717342857142857
2021-07-11,596.0,18.5968,12.0979,24.2028,68.07928623174102,17.78112857142857,11.79492857142857,17.7773
2021-07-18,562.0,25.110599999999998,13.6728,24.7154,72.8175631057596,18.349314285714286,13.380614285714286,17.81425714285714
2021-07-25,543.0,14.6378,12.6616,24.8568,68.55608440565267,17.824099999999998,11.94812857142857,17.736857142857144
2021-08-01,442.0,15.207500000000001,12.1684,24.4666,70.92824171557467,17.295214285714287,11.970085714285714,17.543714285714284
2021-08-08,496.0,4.7887,11.9539,25.6627,66.05958974636218,17.920057142857143,11.477785714285714,17.20692857142857
2021-08-15,492.0,15.1981,13.4021,25.1178,69.20933934760204,18.500714285714285,12.747585714285714,16.514442857142857
2021-08-22,567.0,13.2661,13.974,26.2349,66.3672442848301,19.1176,12.695714285714287,16.59792857142857
2021-08-29,474.0,21.3399,14.378,26.5904,68.61137259528523,19.3174,13.387828571428571,16.516985714285713
2021-09-05,460.0,18.9047,14.2104,26.4583,69.16712686704192,19.366357142857144,13.565171428571428,16.516542857142856
2021-09-12,502.0,38.1318,14.244,25.5951,75.5226537593406,18.58727142857143,14.169685714285714,16.53732857142857
2021-09-19,523.0,26.8724,14.2718,25.9839,73.78821476187606,19.229185714285713,14.422357142857143,16.498942857142858
2021-09-26,590.0,32.6002,14.4702,25.5749,76.72036239453267,18.748428571428573,14.562885714285715,16.646057142857142
2021-10-03,675.0,22.7,14.4449,26.0815,71.64910190259404,19.634642857142858,14.367914285714287,16.980414285714286
2021-10-10,594.0,50.019200000000005,15.6181,25.6897,79.3390707167717,19.387742857142857,15.70812857142857,16.838085714285715
2021-10-17,744.0,31.8947,15.5365,26.8646,74.2163474175831,20.152785714285717,15.408585714285715,16.666085714285714
2021-10-24,916.0,35.542100000000005,15.1283,27.4062,72.12783571315981,19.889357142857143,14.700028571428572,16.541285714285713
2021-10-31,869.0,49.8322,14.8647,26.0055,73.87025000304723,19.222528571428573,14.44,16.907885714285715
2021-11-07,949.0,46.142799999999994,15.3191,25.7985,74.69023065935733,19.425142857142855,14.808171428571429,16.866214285714285
2021-11-14,1135.0,47.001,15.3021,25.089,75.27887647780514,19.40537142857143,14.912642857142856,16.943914285714285
2021-11-21,1255.0,56.8378,15.3736,25.6977,74.83391774033034,19.488842857142856,14.896257142857142,16.643985714285716
2021-11-28,1313.0,54.2654,16.0596,25.2629,81.90151362073263,19.521042857142856,16.34057142857143,17.231671428571428
2021-12-05,1510.0,66.8519,15.854,24.7583,81.01050043537866,19.315914285714285,15.967814285714285,17.363842857142856
2021-12-12,1498.0,56.5329,16.1136,25.2432,83.27276556617062,19.52477142857143,16.60137142857143,17.778257142857143
2021-12-19,1571.0,49.3935,15.8041,25.2364,80.09313088049392,19.599085714285714,16.064642857142857,17.684614285714286
2021-12-26,1346.0,43.8073,16.0568,26.0192,78.80118303546632,19.967814285714287,16.173157142857143,18.250357142857144
2022-01-02,959.0,41.1333,16.1325,26.2272,79.0306731801409,20.233157142857145,16.466814285714285,19.169642857142858
2022-01-09,1066.0,28.4126,15.7771,25.9456,74.9463603817474,20.341857142857144,15.748385714285714,19.69665714285714
2022-01-16,1013.0,45.0555,15.4834,24.8062,80.91497594486223,19.1656,15.804171428571427,20.399742857142858
2022-01-23,948.0,58.8375,15.7364,25.4738,82.82568286117446,19.312528571428572,16.31132857142857,20.215257142857144
2022-01-30,970.0,72.2789,15.9228,24.4567,83.5885027016659,19.226499999999998,16.371714285714287,19.907757142857143
2022-02-06,1311.0,48.6248,15.219,24.6676,81.83241709549715,19.02725714285714,15.84842857142857,19.343071428571427
2022-02-13,1420.0,69.3377,15.7649,25.0221,83.9215794480772,18.9535,16.16972857142857,19.557257142857143
2022-02-20,1648.0,62.7929,16.0479,25.0577,83.4020143337921,19.35255714285714,16.4633,19.1202
2022-02-27,1846.0,70.3391,15.7497,24.5227,85.49737040177808,19.004442857142855,16.512128571428573,19.483942857142857
2022-03-06,1967.0,62.5577,15.9498,24.8841,83.98342117875968,19.49064285714286,16.710885714285716,19.601614285714284
2022-03-13,2035.0,74.6622,15.898,24.1095,86.13900501958494,18.943971428571427,16.572957142857142,20.107471428571426
2022-03-20,2245.0,65.0583,14.4588,24.3871,84.42554754375627,18.690142857142856,16.0031,19.62225714285714
2022-03-27,2262.0,71.6507,15.8645,24.6703,85.29696224307936,19.066742857142856,16.538442857142858,18.779114285714286
2022-04-03,2561.0,46.6978,15.1173,24.6825,83.31359473163555,18.7931,15.8999,18.27177142857143
2022-04-10,2866.0,50.669799999999995,15.1942,24.8357,82.93466996885458,19.163114285714283,16.186457142857144,18.428642857142854
2022-04-17,2985.0,35.9492,14.0481,24.7666,77.15612765288934,18.872214285714286,14.781371428571429,17.97807142857143
2022-04-24,3405.0,39.6893,14.7105,25.3338,79.20542852533424,18.973828571428573,15.286814285714286,17.48014285714286
2022-05-01,3089.0,38.8046,14.7672,25.4716,78.74515691630286,19.038171428571427,15.257671428571427,17.147885714285714
2022-05-08,3181.0,33.9354,13.9731,25.1251,76.80088701536046,18.615114285714288,14.458942857142857,17.606585714285714
2022-05-15,2992.0,43.0788,14.2587,24.7862,76.04703654428135,18.565714285714286,14.260285714285715,17.727885714285716
2022-05-22,2413.0,32.2513,12.1985,24.0778,72.30686664051915,17.486285714285714,12.441114285714287,17.69857142857143
2022-05-29,1961.0,34.1897,13.2536,24.3913,73.33100274561002,17.86497142857143,13.02332857142857,16.970985714285714
2022-06-05,1682.0,32.0221,13.6688,24.5052,77.06842729565324,18.034,13.941314285714286,16.3798
2022-06-12,1440.0,35.4754,11.6637,23.6303,73.01250170850979,17.331057142857144,12.424442857142859,15.920485714285714
2022-06-19,1194.0,11.329799999999999,9.8406,24.3668,64.34836639320693,16.927014285714286,10.141814285714286,16.072257142857143
2022-06-26,1033.0,19.1698,12.7166,23.7675,71.08466743299184,17.47984285714286,12.177885714285713,16.385585714285714
2022-07-03,904.0,13.071299999999999,12.0073,24.738,66.90732436387123,17.977914285714284,11.737685714285714,16.441542857142856
2022-07-10,822.0,19.259,13.7601,24.0018,70.60453490391252,18.0899,12.65602857142857,16.308142857142858
2022-07-17,779.0,19.1595,13.7392,24.6833,68.87351158286565,18.381642857142857,12.556342857142857,16.12407142857143
2022-07-24,669.0,20.6752,13.1839,24.9737,70.13718213199422,18.196428571428573,12.643571428571429,15.910385714285713
2022-07-31,452.0,21.3618,13.1183,24.9382,69.55545618667281,18.280485714285714,12.583471428571428,15.850785714285715
2022-08-07,491.0,30.7489,13.4966,23.9612,72.90596473068035,18.14757142857143,13.206771428571429,15.782714285714286
2022-08-14,548.0,21.9189,12.4395,25.0912,71.71396816136847,17.93997142857143,12.744742857142857,15.790357142857143
2022-08-21,580.0,23.373800000000003,10.8455,25.2006,65.17803485356784,17.8608,11.216114285714285,15.861114285714285
2022-08-28,480.0,4.7422,10.9151,25.3537,61.972178354334055,18.0109,10.606571428571428,15.913971428571429
2022-09-04,481.0,20.5985,13.1061,25.7023,69.54709281579994,18.28981428571429,12.612642857142857,16.059028571428573
2022-09-11,552.0,10.903500000000001,13.4,26.4261,65.78856163020797,18.8843,12.328571428571427,16.197
2022-09-18,556.0,30.698,13.7375,26.6077,69.08995129175777,18.919642857142858,13.111042857142857,15.898728571428572
2022-09-25,579.0,23.909299999999998,14.0662,27.0567,65.91526941526892,19.626685714285713,13.057885714285714,15.55237142857143
2022-10-02,624.0,27.8312,14.0645,27.4197,64.84515141346753,19.316342857142853,12.495000000000001,15.514142857142856
2022-10-09,533.0,29.3717,14.0313,26.5806,67.64110852801194,19.314385714285716,13.1685,15.381542857142858
2022-10-16,597.0,39.2375,14.3002,26.4462,66.18357417464775,19.23015714285714,12.691928571428573,15.644971428571429
2022-10-23,730.0,53.691,14.9412,25.2559,71.88661491702236,19.18007142857143,13.9737,15.776314285714287
2022-10-30,827.0,31.4728,14.5111,26.9289,67.39060032665947,19.881314285714286,13.655728571428572,15.406685714285715
2022-11-06,1066.0,26.4901,12.4941,26.1519,64.84633445822136,18.462485714285716,11.700242857142857,15.796000000000001
2022-11-13,1311.0,20.0351,14.3239,26.8402,66.57413240775763,19.818,13.394114285714286,16.386385714285716
2022-11-20,1636.0,38.8123,15.2432,26.8133,71.40277155535675,19.84512857142857,14.507157142857142,16.849371428571427
2022-11-27,1619.0,49.4974,14.8783,26.3119,74.69667678143888,19.528485714285715,14.90562857142857,17.320714285714285
2022-12-04,1615.0,28.0607,13.2772,26.6588,69.8815898947527,19.5984,13.944414285714286,18.156399999999998
2022-12-11,1414.0,39.4865,14.2246,26.1862,77.74257035272406,19.2593,15.253928571428572,18.338942857142857
2022-12-18,1383.0,56.111999999999995,15.555,25.3334,83.33883809852826,19.321928571428572,16.42032857142857,19.431371428571428
2022-12-25,1130.0,42.497299999999996,15.8336,26.4151,79.17726528865936,19.88362857142857,16.1553,19.276842857142857
2023-01-01,711.0,61.0863,15.1084,26.2762,81.88150649802208,19.1532,15.96095,18.3630125
2023-01-08,1673.0,47.918099999999995,14.675,25.2128,80.53679415183827,18.973514285714288,15.546457142857141,18.113899999999997
2023-01-15,1556.0,48.437599999999996,15.0052,25.7668,78.54641176942296,19.45207142857143,15.613371428571428,18.8003
2023-01-22,1953.0,64.6216,15.2227,24.7063,83.15909533027731,18.759885714285712,15.8366,18.782685714285716
2023-01-29,1796.0,45.4446,15.3421,25.2819,80.38284458765283,19.612814285714286,16.14175714285714,19.458871428571427
2023-02-05,2013.0,57.9086,16.1074,24.6459,83.36141255031926,19.32464285714286,16.430385714285713,19.98345714285714
2023-02-12,2245.0,64.7207,16.0676,24.3688,85.17591616682095,19.337557142857143,16.782542857142857,21.194071428571426
2023-02-19,2447.0,73.3416,15.8431,24.9918,85.01561714335273,19.539014285714284,16.9494,21.887714285714285
2023-02-26,2685.0,46.429,15.5088,26.1233,82.56665949921243,19.71697142857143,16.66165714285714,21.937071428571432
2023-03-05,2672.0,69.3063,16.0625,25.9748,83.37379485039446,19.845499999999998,16.938842857142856,21.47117142857143
2023-03-12,2668.0,83.2291,15.97,25.7718,85.97657278490661,19.6004,17.182785714285714,22.06305714285714
2023-03-19,3199.0,55.975300000000004,15.9268,24.7712,83.65176814353629,19.418757142857142,16.574942857142855,22.348714285714287
2023-03-26,3835.0,62.4754,15.8639,25.3068,83.389565195181,19.34332857142857,16.446,22.97182857142857
2023-04-02,4181.0,73.3397,16.1207,25.0282,85.92894535146341,19.342757142857145,16.9266,23.452185714285715
2023-04-09,4582.0,76.9217,15.5226,24.7689,84.83846601452015,19.12142857142857,16.503542857142858,23.48612857142857
2023-04-16,6671.0,36.8143,15.7189,25.6679,81.12977814174006,19.807385714285715,16.4757,23.02237142857143
2023-04-23,7892.0,55.7907,15.1398,26.0459,81.16755118309204,19.345085714285712,16.0275,22.069457142857143
2023-04-30,8794.0,36.572,15.1114,25.6898,79.62374689316535,19.442557142857144,15.826485714285713,21.710428571428572
2023-05-07,12144.0,48.9557,15.3524,25.7974,81.09805140081536,19.355371428571427,16.025085714285716,21.463314285714286
2023-05-14,15443.0,37.0506,14.7985,24.5031,79.42650025531906,18.759142857142855,15.119200000000001,20.945328571428572
2023-05-21,20843.0,20.6247,14.7563,26.0993,75.68275853004498,19.625385714285716,15.210242857142857,20.980257142857145
2023-05-28,18226.0,46.2109,15.0243,25.0183,78.25332495408854,19.251014285714287,15.366299999999999,20.856142857142856
2023-06-04,17952.0,24.4483,13.7182,24.6738,73.35050628395102,18.590328571428568,13.714657142857144,21.0163
2023-06-11,15906.0,24.4335,14.1719,25.1651,72.2963832987951,18.749842857142855,13.659728571428571,21.348657142857146
2023-06-18,13653.0,18.3097,11.8145,24.7654,69.21389077321669,16.86424285714286,11.178228571428573,21.035985714285715
2023-06-25,11690.0,8.384,11.9537,25.3841,63.766478146456954,18.412957142857145,11.422028571428571,20.72622857142857
2023-07-02,9048.0,15.8024,13.3343,25.1386,67.5124327765719,18.56291428571429,12.427814285714286,20.7916
2023-07-09,8616.0,16.6662,13.5939,26.0664,65.65970822404992,19.233914285714288,12.638914285714284,20.70334285714286
2023-07-16,7998.0,13.621099999999998,14.0597,26.2773,67.44232841909133,19.062842857142858,12.890728571428571,20.526742857142857
2023-07-23,7187.0,16.1836,13.538,25.9714,66.67127026326946,18.80247142857143,12.4499,20.435885714285714
2023-07-30,5279.0,14.8235,13.5401,26.1582,65.73583028778505,18.923457142857142,12.332757142857144,19.9731
